title,category,excerpt,author,date,image,link
"Mastering CSS Grid","Web Design","Learn how to build complex layouts with zero effort.","Andrew Nguyen","Oct 24, 2025","https://images.unsplash.com/photo-1507238691740-187a5b1d37b8?auto=format&fit=crop&w=600&q=80","#"
"The Dev Productivity Guide","Productivity","Tips on how to stay focused in a world of notifications.","Andrew Nguyen","Oct 18, 2025","https://images.unsplash.com/photo-1484417894907-623942c8ee29?auto=format&fit=crop&w=600&q=80","#"
"AI in 2026","Tech Trends","A deep dive into how generative AI is shaping the web today.","Andrew Nguyen","Jan 12, 2026","https://images.unsplash.com/photo-1677442136019-21780ecad995?auto=format&fit=crop&w=600&q=80","#"
"The Bezo Blueprint","Books","How Jeff Bezos Communicates for Success
Have you ever wondered how Jeff Bezos turned a small business in a garage into Amazon, one of the biggest companies in the world? In the book The Bezos Blueprint, author Carmine Gallo explains that the secret isn’t just about having good products—it’s about how Bezos communicates.

Bezos changed how people at Amazon write, speak, and lead. Here are the core ideas from the book, explained simply:

1. Keep It Simple
Bezos believes that you should use short, simple words to explain hard ideas. He actually banned PowerPoint presentations at Amazon meetings. Instead, he forced teams to write "narratively-written memos."

When you write simply, you aren't "dumbing things down." You are making it easier for people to understand your message without using up all their brain energy. If you want people to trust you and think you are smart, keep your language clear and direct.

2. Use Metaphors
A metaphor is a way to compare two different things to make a point. It helps our brains understand new or complex ideas by connecting them to things we already know.

The Flywheel Effect: Bezos described Amazon’s growth like a heavy mechanical wheel. At first, it is hard to get it moving. But if you keep pushing (lowering prices, attracting customers), the wheel starts to spin faster and faster on its own.

Two-Pizza Teams: This is a famous rule at Amazon. A team should be small enough that you only need two pizzas to feed everyone. This keeps meetings fast and helps people make decisions quickly.

3. Focus on the Customer
Everything Bezos does starts with the customer. Amazon uses a method called "working backward." Before they build a new product, they write a fake press release that describes how the product will help the customer. If the idea doesn't sound exciting to the customer, they don't build it.

4. Tell Better Stories
Bezos uses a classic three-part story structure to share his vision:

The Beginning: Describe the world as it is today and point out a problem.

The Middle: Introduce a new solution or idea.

The End: Explain how the world will be better after the solution is used.

The "Day One" Mindset
Bezos often says, "It’s always Day One." This means you should always act like a startup—staying curious, learning new things, and being ready to change. Even as a company gets massive, you should never stop trying to improve or invent new ways to help your customers.

Key Takeaway: You don't need to be a billionaire to use these tricks. Whether you are writing an essay for school, talking to a friend, or working on a project, remember: keep your words simple, use stories to explain your points, and always focus on how your idea helps the person you are talking to..","Andrew Nguyen","Apr 29, 2026","https://images.unsplash.com/photo-1677442136019-21780ecad995?auto=format&fit=crop&w=600&q=80","#"

